community_name,inhabitants,area_km2,inhabitants_per_km2,district_until_2007,district_from_2008,image_links,criteria1,criteria2,criteria3,score
Lavey-Morcles,978,1420,69,Aigle,Aigle,https://upload.wikimedia.org/wikipedia/commons/thumb/1/16/CHE_Lavey-Morcles_COA.svg/35px-CHE_Lavey-Morcles_COA.svg.png,100.0,62.2093023255814,100.0,92.44186046511628
Saint-Cergue,2788,2428,115,Nyon,Nyon,https://upload.wikimedia.org/wikipedia/commons/thumb/a/a1/Saint-Cergue-coat_of_arms.svg/35px-Saint-Cergue-coat_of_arms.svg.png,100.0,27.110389610389607,100.0,85.42207792207792
Ormont-Dessous,1175,6411,18,Aigle,Aigle,https://upload.wikimedia.org/wikipedia/commons/thumb/5/55/CHE_Ormont-Dessous_COA.svg/35px-CHE_Ormont-Dessous_COA.svg.png,100.0,11.54485049833887,100.0,82.30897009966777
Ormont-Dessus,1424,6159,23,Aigle,Aigle,https://upload.wikimedia.org/wikipedia/commons/thumb/9/9d/CHE_Ormont-Dessus_COA.svg/35px-CHE_Ormont-Dessus_COA.svg.png,100.0,7.724252491694353,100.0,81.54485049833886
Arzier-Le Muids,2960,5190,57,Nyon,Nyon,https://upload.wikimedia.org/wikipedia/commons/thumb/7/78/Arzier-coat_of_arms.svg/35px-Arzier-coat_of_arms.svg.png,100.0,6.6558441558441555,100.0,81.33116883116884
Signy-Avenex,586,194,302,Nyon,Nyon,https://upload.wikimedia.org/wikipedia/commons/thumb/8/8f/Signy-Avenex-coat_of_arms.svg/35px-Signy-Avenex-coat_of_arms.svg.png,100.0,0.0,100.0,80.0
Jouxtens-Mézery,1468,193,761,Lausanne,Lausanne,https://upload.wikimedia.org/wikipedia/commons/thumb/0/02/Jouxtens-Mezery-coat_of_arms.svg/35px-Jouxtens-Mezery-coat_of_arms.svg.png,100.0,0.0,100.0,80.0
Saint-Prex,5871,554,1060,Morges,Morges,https://upload.wikimedia.org/wikipedia/commons/thumb/0/07/CHE_Saint-Prex_COA.svg/35px-CHE_Saint-Prex_COA.svg.png,100.0,0.0,100.0,80.0
Bogis-Bossey,932,245,380,Nyon,Nyon,https://upload.wikimedia.org/wikipedia/commons/thumb/6/68/Bogis-Bossey-coat_of_arms.svg/35px-Bogis-Bossey-coat_of_arms.svg.png,100.0,0.0,100.0,80.0
Villars-sous-Yens,615,304,202,Morges,Morges,https://upload.wikimedia.org/wikipedia/commons/thumb/9/94/CHE_Villars-sous-Yens_COA.svg/35px-CHE_Villars-sous-Yens_COA.svg.png,0.0,80.89700996677742,100.0,56.179401993355484
Jorat-Mézières,3104,1108,280,Oron,Lavaux-Oron,https://upload.wikimedia.org/wikipedia/commons/thumb/e/ea/Jorat-M%C3%A9zi%C3%A8res_Wappen.svg/35px-Jorat-M%C3%A9zi%C3%A8res_Wappen.svg.png,100.0,68.9625850340136,0.0,53.79251700680272
Genolier,2020,486,416,Nyon,Nyon,https://upload.wikimedia.org/wikipedia/commons/thumb/1/1a/Genolier-coat_of_arms.svg/35px-Genolier-coat_of_arms.svg.png,0.0,68.42532467532469,100.0,53.685064935064936
Jorat-Menthue,1563,1765,89,Echallens Moudon Oron,Gros-de-Vaud,https://upload.wikimedia.org/wikipedia/commons/thumb/6/6d/Jorat-Menthue-coat_of_arms.svg/35px-Jorat-Menthue-coat_of_arms.svg.png,100.0,65.99025974025975,0.0,53.19805194805195
Gland,13664,832,1642,Nyon,Nyon,https://upload.wikimedia.org/wikipedia/commons/thumb/b/bb/Gland-coat_of_arms.svg/35px-Gland-coat_of_arms.svg.png,0.0,57.14285714285714,100.0,51.42857142857143
Cheseaux-Noréaz,735,590,125,Yverdon,Jura-Nord vaudois,https://upload.wikimedia.org/wikipedia/commons/thumb/5/54/CHE_Cheseaux-Nor%C3%A9az_COA.svg/35px-CHE_Cheseaux-Nor%C3%A9az_COA.svg.png,100.0,56.81818181818181,0.0,51.36363636363636
Chêne-Pâquier,162,211,77,Yverdon,Jura-Nord vaudois,https://upload.wikimedia.org/wikipedia/commons/thumb/b/ba/Ch%C3%AAne-P%C3%A2quier-coat_of_arms.svg/35px-Ch%C3%AAne-P%C3%A2quier-coat_of_arms.svg.png,100.0,48.21428571428572,0.0,49.642857142857146
Givrins,1021,396,258,Nyon,Nyon,https://upload.wikimedia.org/wikipedia/commons/thumb/8/81/Givrins-coat_of_arms.svg/35px-Givrins-coat_of_arms.svg.png,0.0,43.912337662337656,100.0,48.782467532467535
Chavannes-des-Bois,1014,212,478,Nyon,Nyon,https://upload.wikimedia.org/wikipedia/commons/thumb/8/81/Chavannes-des-Bois-coat_of_arms.svg/35px-Chavannes-des-Bois-coat_of_arms.svg.png,0.0,43.10064935064935,100.0,48.62012987012987
Leysin,3719,1857,200,Aigle,Aigle,https://upload.wikimedia.org/wikipedia/commons/thumb/f/fe/CHE_Leysin_COA.svg/35px-CHE_Leysin_COA.svg.png,0.0,37.87375415282392,100.0,47.57475083056478
Ollon,7968,5956,134,Aigle,Aigle,https://upload.wikimedia.org/wikipedia/commons/thumb/2/2d/CHE_Ollon_VD_COA.svg/35px-CHE_Ollon_VD_COA.svg.png,0.0,33.685064935064936,100.0,46.73701298701299
Mies,2236,345,648,Nyon,Nyon,https://upload.wikimedia.org/wikipedia/commons/thumb/d/d7/Mies-coat_of_arms.svg/35px-Mies-coat_of_arms.svg.png,0.0,25.97402597402597,100.0,45.1948051948052
Roche (VD),1938,645,300,Aigle,Aigle,https://upload.wikimedia.org/wikipedia/commons/thumb/a/a8/CHE_Roche_COA.svg/35px-CHE_Roche_COA.svg.png,0.0,24.58471760797342,100.0,44.91694352159468
Saint-Livres,696,812,86,Aubonne,Morges,https://upload.wikimedia.org/wikipedia/commons/thumb/f/f2/Saint-Livres-coat_of_arms.svg/35px-Saint-Livres-coat_of_arms.svg.png,100.0,21.02272727272727,0.0,44.20454545454545
Blonay – Saint-Légier,12117,3124,388,Vevey,Riviera-Pays-d’Enhaut,https://upload.wikimedia.org/wikipedia/commons/thumb/b/b4/CHE_Blonay-Saint-L%C3%A9gier_COA.svg/35px-CHE_Blonay-Saint-L%C3%A9gier_COA.svg.png,100.0,18.272425249169437,0.0,43.65448504983389
Bougy-Villars,507,177,286,Aubonne,Morges,https://upload.wikimedia.org/wikipedia/commons/thumb/2/2e/Bougy-Villars-coat_of_arms.svg/35px-Bougy-Villars-coat_of_arms.svg.png,100.0,16.883116883116884,0.0,43.37662337662338
Denens,714,330,216,Morges,Morges,https://upload.wikimedia.org/wikipedia/commons/thumb/3/35/Denens-coat_of_arms.svg/35px-Denens-coat_of_arms.svg.png,0.0,14.52922077922078,100.0,42.90584415584416
Tannay,1721,181,951,Nyon,Nyon,https://upload.wikimedia.org/wikipedia/commons/thumb/6/66/Tannay-coat_of_arms.svg/35px-Tannay-coat_of_arms.svg.png,0.0,13.879870129870127,100.0,42.77597402597402
Begnins,1941,479,405,Nyon,Nyon,https://upload.wikimedia.org/wikipedia/commons/thumb/0/06/Begnins-coat_of_arms.svg/35px-Begnins-coat_of_arms.svg.png,0.0,13.392857142857142,100.0,42.67857142857143
Lonay,2672,372,718,Morges,Morges,https://upload.wikimedia.org/wikipedia/commons/thumb/2/2b/Lonay-coat_of_arms.svg/35px-Lonay-coat_of_arms.svg.png,0.0,12.905844155844157,100.0,42.58116883116883
Sainte-Croix,4876,3947,124,Grandson,Jura-Nord vaudois,https://upload.wikimedia.org/wikipedia/commons/thumb/d/d6/Sainte-Croix-coat_of_arms.svg/35px-Sainte-Croix-coat_of_arms.svg.png,100.0,12.824675324675324,0.0,42.564935064935064
Chéserex,1245,1058,118,Nyon,Nyon,https://upload.wikimedia.org/wikipedia/commons/thumb/4/4a/Cheserex-coat_of_arms.svg/35px-Cheserex-coat_of_arms.svg.png,0.0,11.525974025974026,100.0,42.3051948051948
Villars-Epeney,91,86,106,Yverdon,Jura-Nord vaudois,https://upload.wikimedia.org/wikipedia/commons/thumb/e/e7/Villars-Epeney-coat_of_arms.svg/35px-Villars-Epeney-coat_of_arms.svg.png,100.0,8.603896103896105,0.0,41.72077922077922
Bassins,1486,2077,72,Nyon,Nyon,https://upload.wikimedia.org/wikipedia/commons/thumb/d/dc/Bassins-coat_of_arms.svg/35px-Bassins-coat_of_arms.svg.png,0.0,8.522727272727272,100.0,41.70454545454545
Coinsins,498,291,171,Nyon,Nyon,https://upload.wikimedia.org/wikipedia/commons/thumb/8/82/Coinsins-coat_of_arms.svg/35px-Coinsins-coat_of_arms.svg.png,0.0,7.061688311688311,100.0,41.41233766233766
Villeneuve (VD),5968,3198,187,Aigle,Aigle,https://upload.wikimedia.org/wikipedia/commons/thumb/e/e9/CHE_Villeneuve_COA.svg/35px-CHE_Villeneuve_COA.svg.png,0.0,6.6558441558441555,100.0,41.33116883116883
Grens,399,255,156,Nyon,Nyon,https://upload.wikimedia.org/wikipedia/commons/thumb/d/d9/CHE_Grens_COA.svg/35px-CHE_Grens_COA.svg.png,0.0,2.823920265780731,100.0,40.564784053156146
Vufflens-le-Château,884,214,413,Morges,Morges,https://upload.wikimedia.org/wikipedia/commons/thumb/4/42/CHE_Vufflens-le-Ch%C3%A2teau_COA.svg/35px-CHE_Vufflens-le-Ch%C3%A2teau_COA.svg.png,0.0,2.7874564459930316,100.0,40.55749128919861
Noville,1169,1039,113,Aigle,Aigle,https://upload.wikimedia.org/wikipedia/commons/thumb/7/77/CHE_Noville_COA.svg/35px-CHE_Noville_COA.svg.png,0.0,2.4916943521594686,100.0,40.498338870431894
Poliez-Pittet,846,501,169,Echallens,Gros-de-Vaud,https://upload.wikimedia.org/wikipedia/commons/thumb/c/c0/Poliez-Pittet.jpg/35px-Poliez-Pittet.jpg,100.0,1.742160278745645,0.0,40.34843205574913
Lully (VD),824,205,402,Morges,Morges,https://upload.wikimedia.org/wikipedia/commons/thumb/e/ef/CHE_Lully_VD_COA.svg/35px-CHE_Lully_VD_COA.svg.png,0.0,0.974025974025974,100.0,40.1948051948052
Chessel,528,355,149,Aigle,Aigle,https://upload.wikimedia.org/wikipedia/commons/thumb/8/85/CHE_Chessel_COA.svg/35px-CHE_Chessel_COA.svg.png,0.0,0.8305647840531563,100.0,40.16611295681063
Bex,8167,9657,85,Aigle,Aigle,https://upload.wikimedia.org/wikipedia/commons/thumb/6/66/CHE_Bex_COA.svg/35px-CHE_Bex_COA.svg.png,0.0,0.5813953488372093,100.0,40.116279069767444
Clarmont,213,102,209,Morges,Morges,https://upload.wikimedia.org/wikipedia/commons/thumb/0/03/Clarmont-coat_of_arms.svg/35px-Clarmont-coat_of_arms.svg.png,0.0,0.5681818181818182,100.0,40.11363636363637
Eysins,1775,238,746,Nyon,Nyon,https://upload.wikimedia.org/wikipedia/commons/thumb/b/bc/CHE_Eysins_COA.svg/35px-CHE_Eysins_COA.svg.png,0.0,0.487012987012987,100.0,40.0974025974026
Bioley-Magnoux,247,429,58,Yverdon,Jura-Nord vaudois,https://upload.wikimedia.org/wikipedia/commons/thumb/7/72/Bioley-Magnoux-coat_of_arms.svg/35px-Bioley-Magnoux-coat_of_arms.svg.png,100.0,0.4058441558441558,0.0,40.08116883116883
Chigny,419,89,471,Morges,Morges,https://upload.wikimedia.org/wikipedia/commons/thumb/6/6e/Chigny-coat_of_arms.svg/35px-Chigny-coat_of_arms.svg.png,0.0,0.3246753246753247,100.0,40.064935064935064
Etoy,2931,492,596,Morges,Morges,https://upload.wikimedia.org/wikipedia/commons/thumb/e/e5/Etoy-coat_of_arms.svg/35px-Etoy-coat_of_arms.svg.png,0.0,0.2435064935064935,100.0,40.048701298701296
Lavigny,1034,400,259,Morges,Morges,https://upload.wikimedia.org/wikipedia/commons/thumb/8/8c/Lavigny-coat_of_arms.svg/35px-Lavigny-coat_of_arms.svg.png,0.0,0.2435064935064935,100.0,40.048701298701296
Vugelles-La Mothe,137,307,45,Yverdon,Jura-Nord vaudois,https://upload.wikimedia.org/wikipedia/commons/thumb/9/91/Vugelles-La_Mothe-coat_of_arms.svg/35px-Vugelles-La_Mothe-coat_of_arms.svg.png,100.0,0.16233766233766234,0.0,40.032467532467535
Aclens,557,390,143,Morges,Morges,https://upload.wikimedia.org/wikipedia/commons/thumb/a/af/Aclens-coat_of_arms.svg/35px-Aclens-coat_of_arms.svg.png,0.0,0.16233766233766234,100.0,40.032467532467535
Yens,1511,951,159,Morges,Morges,https://upload.wikimedia.org/wikipedia/commons/thumb/1/14/CHE_Yens_COA.svg/35px-CHE_Yens_COA.svg.png,0.0,0.08305647840531562,100.0,40.01661129568107
Lussy-sur-Morges,729,234,312,Morges,Morges,https://upload.wikimedia.org/wikipedia/commons/thumb/f/f7/Lussy-sur-Morges-coat_of_arms.svg/35px-Lussy-sur-Morges-coat_of_arms.svg.png,0.0,0.08116883116883117,100.0,40.01623376623377
Borex,1139,199,572,Nyon,Nyon,https://upload.wikimedia.org/wikipedia/commons/thumb/4/46/Borex-coat_of_arms.svg/35px-Borex-coat_of_arms.svg.png,0.0,0.08116883116883117,100.0,40.01623376623377
Château-d’Oex,3564,11366,31,Pays-d’Enhaut,Riviera-Pays-d’Enhaut,https://upload.wikimedia.org/wikipedia/commons/thumb/b/b4/CHE_Ch%C3%A2teau_d%E2%80%99Oex_COA.svg/35px-CHE_Ch%C3%A2teau_d%E2%80%99Oex_COA.svg.png,100.0,0.0,0.0,40.0
La Rippe,1200,1659,72,Nyon,Nyon,https://upload.wikimedia.org/wikipedia/commons/thumb/3/37/La_Rippe-coat_of_arms.svg/35px-La_Rippe-coat_of_arms.svg.png,0.0,0.0,100.0,40.0
Chavannes-de-Bogis,1340,286,469,Nyon,Nyon,https://upload.wikimedia.org/wikipedia/commons/thumb/2/25/Chavannes-de-Bogis-coat_of_arms.svg/35px-Chavannes-de-Bogis-coat_of_arms.svg.png,0.0,0.0,100.0,40.0
Lussery-Villars,482,374,129,Cossonay,Gros-de-Vaud,https://upload.wikimedia.org/wikipedia/commons/thumb/5/57/Lussery-Villars-coat_of_arms.svg/35px-Lussery-Villars-coat_of_arms.svg.png,100.0,0.0,0.0,40.0
Le Vaud,1403,311,451,Nyon,Nyon,https://upload.wikimedia.org/wikipedia/commons/thumb/c/c8/Le_Vaud-coat_of_arms.svg/35px-Le_Vaud-coat_of_arms.svg.png,0.0,0.0,100.0,40.0
Le Mont-sur-Lausanne,9291,980,948,Lausanne,Lausanne,https://upload.wikimedia.org/wikipedia/commons/thumb/7/76/Le_Mont-sur-Lausanne-coat_of_arms.svg/35px-Le_Mont-sur-Lausanne-coat_of_arms.svg.png,0.0,0.0,100.0,40.0
Lausanne,141418,4138,3418,Lausanne,Lausanne,https://upload.wikimedia.org/wikipedia/commons/thumb/2/29/CHE_Lausanne_COA.svg/35px-CHE_Lausanne_COA.svg.png,0.0,0.0,100.0,40.0
Gryon,1387,1522,91,Aigle,Aigle,https://upload.wikimedia.org/wikipedia/commons/thumb/7/7e/CHE_Gryon_COA.svg/35px-CHE_Gryon_COA.svg.png,0.0,0.0,100.0,40.0
Nyon,22465,680,3304,Nyon,Nyon,https://upload.wikimedia.org/wikipedia/commons/thumb/3/31/CHE_Nyon_COA.svg/35px-CHE_Nyon_COA.svg.png,0.0,0.0,100.0,40.0
Bremblens,606,291,208,Morges,Morges,https://upload.wikimedia.org/wikipedia/commons/thumb/d/dc/Bremblens-coat_of_arms.svg/35px-Bremblens-coat_of_arms.svg.png,0.0,0.0,100.0,40.0
Gingins,1266,1256,101,Nyon,Nyon,https://upload.wikimedia.org/wikipedia/commons/thumb/d/d9/Gingins-coat_of_arms.svg/35px-Gingins-coat_of_arms.svg.png,0.0,0.0,100.0,40.0
Buchillon,674,210,321,Morges,Morges,https://upload.wikimedia.org/wikipedia/commons/thumb/0/0a/Buchillon-coat_of_arms.svg/35px-Buchillon-coat_of_arms.svg.png,0.0,0.0,100.0,40.0
Founex,3775,479,788,Nyon,Nyon,https://upload.wikimedia.org/wikipedia/commons/thumb/2/27/Founex-coat_of_arms.svg/35px-Founex-coat_of_arms.svg.png,0.0,0.0,100.0,40.0
Epalinges,9822,457,2149,Lausanne,Lausanne,https://upload.wikimedia.org/wikipedia/commons/thumb/c/cf/Epalinges-coat_of_arms.svg/35px-Epalinges-coat_of_arms.svg.png,0.0,0.0,100.0,40.0
Echichens,3208,1327,242,Morges,Morges,https://upload.wikimedia.org/wikipedia/commons/thumb/a/aa/Echichens-coat_of_arms.svg/35px-Echichens-coat_of_arms.svg.png,0.0,0.0,100.0,40.0
Echandens,2895,388,746,Morges,Morges,https://upload.wikimedia.org/wikipedia/commons/thumb/4/40/Echandens-coat_of_arms.svg/35px-Echandens-coat_of_arms.svg.png,0.0,0.0,100.0,40.0
Morges,17529,383,4577,Morges,Morges,https://upload.wikimedia.org/wikipedia/commons/thumb/8/8f/CHE_Morges_COA.svg/35px-CHE_Morges_COA.svg.png,0.0,0.0,100.0,40.0
Prangins,4278,607,705,Nyon,Nyon,https://upload.wikimedia.org/wikipedia/commons/thumb/6/67/Prangins-coat_of_arms.svg/35px-Prangins-coat_of_arms.svg.png,0.0,0.0,100.0,40.0
Denges,1774,166,1069,Morges,Morges,https://upload.wikimedia.org/wikipedia/commons/thumb/5/51/Denges-coat_of_arms.svg/35px-Denges-coat_of_arms.svg.png,0.0,0.0,100.0,40.0
Saint-Sulpice (VD),5046,186,2713,Morges,Ouest lausannois,https://upload.wikimedia.org/wikipedia/commons/thumb/1/1c/Saint-Sulpice-coat_of_arms.svg/35px-Saint-Sulpice-coat_of_arms.svg.png,100.0,0.0,0.0,40.0
Vullierens,561,684,82,Morges,Morges,https://upload.wikimedia.org/wikipedia/commons/thumb/5/57/Vullierens-coat_of_arms.svg/35px-Vullierens-coat_of_arms.svg.png,0.0,0.0,100.0,40.0
Aigle,10913,1641,665,Aigle,Aigle,https://upload.wikimedia.org/wikipedia/commons/thumb/8/8f/CHE_Aigle_COA.svg/35px-CHE_Aigle_COA.svg.png,0.0,0.0,100.0,40.0
Arnex-sur-Nyon,243,204,119,Nyon,Nyon,https://upload.wikimedia.org/wikipedia/commons/thumb/a/a3/Arnex-sur-Nyon-coat_of_arms.svg/35px-Arnex-sur-Nyon-coat_of_arms.svg.png,0.0,0.0,100.0,40.0
Vich,1160,155,748,Nyon,Nyon,https://upload.wikimedia.org/wikipedia/commons/thumb/8/80/Vich-coat_of_arms.svg/35px-Vich-coat_of_arms.svg.png,0.0,0.0,100.0,40.0
Vaux-sur-Morges,185,210,88,Morges,Morges,https://upload.wikimedia.org/wikipedia/commons/thumb/c/c7/Vaux-sur-Morges-coat_of_arms.svg/35px-Vaux-sur-Morges-coat_of_arms.svg.png,0.0,0.0,100.0,40.0
Trélex,1430,577,248,Nyon,Nyon,https://upload.wikimedia.org/wikipedia/commons/thumb/e/e9/Trelex-coat_of_arms.svg/35px-Trelex-coat_of_arms.svg.png,0.0,0.0,100.0,40.0
Tolochenaz,1890,159,1189,Morges,Morges,https://upload.wikimedia.org/wikipedia/commons/thumb/e/ed/Tolochenaz-coat_of_arms.svg/35px-Tolochenaz-coat_of_arms.svg.png,0.0,0.0,100.0,40.0
Saint-Saphorin (Lavaux),401,89,451,Lavaux,Lavaux-Oron,https://upload.wikimedia.org/wikipedia/commons/thumb/4/46/CHE_Saint-Saphorin_COA.svg/35px-CHE_Saint-Saphorin_COA.svg.png,100.0,0.0,0.0,40.0
Préverenges,5204,187,2783,Morges,Morges,https://upload.wikimedia.org/wikipedia/commons/thumb/e/e0/Preverenges-coat_of_arms.svg/35px-Preverenges-coat_of_arms.svg.png,0.0,0.0,100.0,40.0
Saint-Oyens,455,306,149,Aubonne,Morges,https://upload.wikimedia.org/wikipedia/commons/thumb/7/73/Saint-Oyens-coat_of_arms.svg/35px-Saint-Oyens-coat_of_arms.svg.png,100.0,0.0,0.0,40.0
Saint-George,1066,1232,87,Aubonne,Nyon,https://upload.wikimedia.org/wikipedia/commons/thumb/f/fc/Saint-George-coat_of_arms.svg/35px-Saint-George-coat_of_arms.svg.png,100.0,0.0,0.0,40.0
Saint-Barthélemy (VD),806,412,196,Echallens,Gros-de-Vaud,https://upload.wikimedia.org/wikipedia/commons/thumb/0/0e/Saint-Barth%C3%A9lemy-coat_of_arms.svg/35px-Saint-Barth%C3%A9lemy-coat_of_arms.svg.png,100.0,0.0,0.0,40.0
Romanel-sur-Morges,460,176,261,Morges,Morges,https://upload.wikimedia.org/wikipedia/commons/thumb/9/90/Romanel-sur-Morges-coat_of_arms.svg/35px-Romanel-sur-Morges-coat_of_arms.svg.png,0.0,0.0,100.0,40.0
Romanel-sur-Lausanne,3788,288,1315,Lausanne,Lausanne,https://upload.wikimedia.org/wikipedia/commons/thumb/c/c7/Romanel-sur-Lausanne-coat_of_arms.svg/35px-Romanel-sur-Lausanne-coat_of_arms.svg.png,0.0,0.0,100.0,40.0
Romainmôtier-Envy,559,698,80,Orbe,Jura-Nord vaudois,https://upload.wikimedia.org/wikipedia/commons/thumb/2/2a/Blason_Romainm%C3%B4tier-Envy.svg/35px-Blason_Romainm%C3%B4tier-Envy.svg.png,100.0,0.0,0.0,40.0
Rennaz,925,219,422,Aigle,Aigle,https://upload.wikimedia.org/wikipedia/commons/thumb/e/eb/CHE_Rennaz_COA.svg/35px-CHE_Rennaz_COA.svg.png,0.0,0.0,100.0,40.0
Duillier,1113,411,271,Nyon,Nyon,https://upload.wikimedia.org/wikipedia/commons/thumb/8/8e/Duillier-coat_of_arms.svg/35px-Duillier-coat_of_arms.svg.png,0.0,0.0,100.0,40.0
Yvorne,1086,1220,89,Aigle,Aigle,https://upload.wikimedia.org/wikipedia/commons/thumb/5/5e/CHE_Yvorne_COA.svg/35px-CHE_Yvorne_COA.svg.png,0.0,0.0,100.0,40.0
Coppet,3206,187,1714,Nyon,Nyon,https://upload.wikimedia.org/wikipedia/commons/thumb/8/81/CHE_Coppet_COA.svg/35px-CHE_Coppet_COA.svg.png,0.0,0.0,100.0,40.0
Cheseaux-sur-Lausanne,4517,458,986,Lausanne,Lausanne,https://upload.wikimedia.org/wikipedia/commons/thumb/7/7a/Cheseaux-sur-Lausanne-coat_of_arms.svg/35px-Cheseaux-sur-Lausanne-coat_of_arms.svg.png,0.0,0.0,100.0,40.0
Corbeyrier,440,2200,20,Aigle,Aigle,https://upload.wikimedia.org/wikipedia/commons/thumb/9/99/CHE_Corbeyrier_COA.svg/35px-CHE_Corbeyrier_COA.svg.png,0.0,0.0,100.0,40.0
Crassier,1236,203,609,Nyon,Nyon,https://upload.wikimedia.org/wikipedia/commons/thumb/0/00/Crassier-coat_of_arms.svg/35px-Crassier-coat_of_arms.svg.png,0.0,0.0,100.0,40.0
Commugny,2976,653,456,Nyon,Nyon,https://upload.wikimedia.org/wikipedia/commons/thumb/4/47/Commugny-coat_of_arms.svg/35px-Commugny-coat_of_arms.svg.png,0.0,0.0,100.0,40.0
Crans (VD),2363,431,548,Nyon,Nyon,https://upload.wikimedia.org/wikipedia/commons/thumb/f/f3/Crans-pres-Celigny-coat_of_arms.svg/35px-Crans-pres-Celigny-coat_of_arms.svg.png,0.0,0.0,100.0,40.0
Gollion,1030,545,189,Cossonay,Morges,https://upload.wikimedia.org/wikipedia/commons/thumb/f/f6/Gollion-coat_of_arms.svg/35px-Gollion-coat_of_arms.svg.png,0.0,100.0,0.0,20.0
Chavannes-le-Chêne,316,400,79,Yverdon,Jura-Nord vaudois,https://upload.wikimedia.org/wikipedia/commons/thumb/7/7b/Chavannes-le-Ch%C3%AAne-coat_of_arms.svg/35px-Chavannes-le-Ch%C3%AAne-coat_of_arms.svg.png,0.0,94.96753246753246,0.0,18.993506493506494
Mutrux,151,323,47,Grandson,Jura-Nord vaudois,https://upload.wikimedia.org/wikipedia/commons/thumb/d/d8/Mutrux-coat_of_arms.svg/35px-Mutrux-coat_of_arms.svg.png,0.0,84.65909090909089,0.0,16.93181818181818
Assens,1672,534,313,Echallens,Gros-de-Vaud,https://upload.wikimedia.org/wikipedia/commons/thumb/1/18/Blason_commune_CH_Assens_%28Vaud%29.svg/35px-Blason_commune_CH_Assens_%28Vaud%29.svg.png,0.0,84.25324675324674,0.0,16.85064935064935
Burtigny,414,568,73,Rolle,Nyon,https://upload.wikimedia.org/wikipedia/commons/thumb/e/e3/Burtigny-coat_of_arms.svg/35px-Burtigny-coat_of_arms.svg.png,0.0,79.54545454545455,0.0,15.90909090909091
Valeyres-sous-Rances,606,634,96,Orbe,Jura-Nord vaudois,https://upload.wikimedia.org/wikipedia/commons/thumb/2/23/Valeyres-sous-Rances-coat_of_arms.svg/35px-Valeyres-sous-Rances-coat_of_arms.svg.png,0.0,78.97727272727273,0.0,15.795454545454547
Allaman,424,260,163,Rolle,Morges,https://upload.wikimedia.org/wikipedia/commons/thumb/e/e1/CHE_Allaman_COA.svg/35px-CHE_Allaman_COA.svg.png,0.0,63.149350649350644,0.0,12.62987012987013
Valeyres-sous-Ursins,241,287,84,Yverdon,Jura-Nord vaudois,https://upload.wikimedia.org/wikipedia/commons/thumb/8/80/Valeyres-sous-Ursins-coat_of_arms.svg/35px-Valeyres-sous-Ursins-coat_of_arms.svg.png,0.0,63.06818181818181,0.0,12.613636363636363
Montanaire,2819,3350,84,Moudon Yverdon,Gros-de-Vaud,https://upload.wikimedia.org/wikipedia/commons/thumb/6/6c/Blason_commune_CH_Montanaire_%28Vaud%29.svg/35px-Blason_commune_CH_Montanaire_%28Vaud%29.svg.png,0.0,60.3896103896104,0.0,12.07792207792208
Longirod,538,945,57,Aubonne,Nyon,https://upload.wikimedia.org/wikipedia/commons/thumb/e/e7/Longirod-coat_of_arms.svg/35px-Longirod-coat_of_arms.svg.png,0.0,55.032467532467535,0.0,11.006493506493507
Pompaples,858,444,193,Cossonay,Morges,https://upload.wikimedia.org/wikipedia/commons/thumb/f/f6/Pompaples-coat_of_arms.svg/35px-Pompaples-coat_of_arms.svg.png,0.0,50.08116883116883,0.0,10.016233766233768
Rolle,6322,274,2307,Rolle,Nyon,https://upload.wikimedia.org/wikipedia/commons/thumb/b/be/CHE_Rolle_COA.svg/35px-CHE_Rolle_COA.svg.png,0.0,47.40259740259741,0.0,9.480519480519481
Oppens,203,360,56,Yverdon,Gros-de-Vaud,https://upload.wikimedia.org/wikipedia/commons/thumb/9/9a/CHE_Oppens_COA.svg/35px-CHE_Oppens_COA.svg.png,0.0,46.75324675324675,0.0,9.35064935064935
Vuarrens,1107,897,123,Echallens,Gros-de-Vaud,https://upload.wikimedia.org/wikipedia/commons/thumb/5/5f/Vuarrens-coat_of_arms.svg/35px-Vuarrens-coat_of_arms.svg.png,0.0,46.42857142857143,0.0,9.285714285714286
Yverdon-les-Bains,29827,1354,2203,Yverdon,Jura-Nord vaudois,https://upload.wikimedia.org/wikipedia/commons/thumb/9/9c/CHE_Yverdon-les-Bains_VD_COA.svg/35px-CHE_Yverdon-les-Bains_VD_COA.svg.png,0.0,45.51495016611295,0.0,9.102990033222591
Villars-le-Comte,138,420,33,Moudon,Broye-Vully,https://upload.wikimedia.org/wikipedia/commons/thumb/b/be/GX-VD-Villars-le-Comte.png/35px-GX-VD-Villars-le-Comte.png,0.0,44.68641114982579,0.0,8.937282229965158
Pomy,864,562,154,Yverdon,Jura-Nord vaudois,https://upload.wikimedia.org/wikipedia/commons/thumb/6/68/Pomy-coat_of_arms.svg/35px-Pomy-coat_of_arms.svg.png,0.0,44.15584415584416,0.0,8.831168831168831
Prilly,12294,220,5588,Lausanne,Ouest lausannois,https://upload.wikimedia.org/wikipedia/commons/thumb/5/5c/Prilly-coat_of_arms.svg/35px-Prilly-coat_of_arms.svg.png,0.0,44.07467532467532,0.0,8.814935064935064
Moudon,6124,1565,391,Moudon,Broye-Vully,https://upload.wikimedia.org/wikipedia/commons/thumb/4/44/Moudon-coat_of_arms.svg/35px-Moudon-coat_of_arms.svg.png,0.0,43.36734693877551,0.0,8.673469387755103
Mont-sur-Rolle,2767,386,717,Rolle,Nyon,https://upload.wikimedia.org/wikipedia/commons/thumb/4/4e/Mont-sur-Rolle-coat_of_arms.svg/35px-Mont-sur-Rolle-coat_of_arms.svg.png,0.0,41.23376623376623,0.0,8.246753246753247
Ogens,324,340,95,Moudon,Gros-de-Vaud,https://upload.wikimedia.org/wikipedia/commons/thumb/6/68/Ogens-coat_of_arms.svg/35px-Ogens-coat_of_arms.svg.png,0.0,38.31168831168831,0.0,7.662337662337662
Echallens,5812,666,873,Echallens,Gros-de-Vaud,https://upload.wikimedia.org/wikipedia/commons/thumb/3/3c/%C3%89challens-coat_of_arms.svg/35px-%C3%89challens-coat_of_arms.svg.png,0.0,37.90584415584416,0.0,7.5811688311688314
Bourg-en-Lavaux,5386,965,558,Lavaux,Lavaux-Oron,https://upload.wikimedia.org/wikipedia/commons/thumb/6/68/Riex-coat_of_arms.svg/35px-Riex-coat_of_arms.svg.png,0.0,36.201298701298704,0.0,7.2402597402597415
Fey,737,734,100,Echallens,Gros-de-Vaud,https://upload.wikimedia.org/wikipedia/commons/thumb/1/17/Wappen_Fey.jpg/35px-Wappen_Fey.jpg,0.0,35.989010989010985,0.0,7.197802197802197
Suscévaz,219,416,53,Yverdon,Jura-Nord vaudois,https://upload.wikimedia.org/wikipedia/commons/thumb/d/d2/Susc%C3%A9vaz-coat_of_arms.svg/35px-Susc%C3%A9vaz-coat_of_arms.svg.png,0.0,34.33441558441558,0.0,6.866883116883116
Tartegnin,249,109,228,Rolle,Nyon,https://upload.wikimedia.org/wikipedia/commons/thumb/b/b5/Tartegnin-coat_of_arms.svg/35px-Tartegnin-coat_of_arms.svg.png,0.0,33.603896103896105,0.0,6.720779220779221
Rossenges,92,108,85,Moudon,Broye-Vully,https://upload.wikimedia.org/wikipedia/commons/thumb/a/a2/Blason_commune_CH_Rossenges_%28Vaud%29.svg/35px-Blason_commune_CH_Rossenges_%28Vaud%29.svg.png,0.0,33.03571428571429,0.0,6.6071428571428585
Marchissy,499,1198,42,Aubonne,Nyon,https://upload.wikimedia.org/wikipedia/commons/thumb/d/de/Marchissy-coat_of_arms.svg/35px-Marchissy-coat_of_arms.svg.png,0.0,31.574675324675322,0.0,6.314935064935065
Syens,163,252,65,Moudon,Broye-Vully,https://upload.wikimedia.org/wikipedia/commons/thumb/e/e9/CHE_Syens_COA.svg/35px-CHE_Syens_COA.svg.png,0.0,31.478405315614623,0.0,6.295681063122925
Essertines-sur-Rolle,743,695,107,Rolle,Nyon,https://upload.wikimedia.org/wikipedia/commons/thumb/7/72/Essertines-sur-Rolle-coat_of_arms.svg/35px-Essertines-sur-Rolle-coat_of_arms.svg.png,0.0,31.25,0.0,6.25
Chardonne,3186,1034,308,Vevey,Riviera-Pays-d’Enhaut,https://upload.wikimedia.org/wikipedia/commons/thumb/c/ca/Chardonne-coat_of_arms.svg/35px-Chardonne-coat_of_arms.svg.png,0.0,31.006493506493506,0.0,6.201298701298701
Yvonand,3529,1340,263,Yverdon,Jura-Nord vaudois,https://upload.wikimedia.org/wikipedia/commons/thumb/d/dc/Yvonand-coat_of_arms.svg/35px-Yvonand-coat_of_arms.svg.png,0.0,30.438311688311693,0.0,6.087662337662339
Savigny,3418,1601,213,Lavaux,Lavaux-Oron,https://upload.wikimedia.org/wikipedia/commons/thumb/5/5e/Savigny-coat_of_arms.svg/35px-Savigny-coat_of_arms.svg.png,0.0,26.461038961038962,0.0,5.292207792207793
Faoug,907,348,261,Avenches,Broye-Vully,https://upload.wikimedia.org/wikipedia/commons/thumb/e/e3/Faoug-coat_of_arms.svg/35px-Faoug-coat_of_arms.svg.png,0.0,26.2987012987013,0.0,5.25974025974026
Bière,1674,2506,67,Aubonne,Morges,https://upload.wikimedia.org/wikipedia/commons/thumb/2/26/Biere-coat_of_arms.svg/35px-Biere-coat_of_arms.svg.png,0.0,25.730519480519483,0.0,5.146103896103897
Hermenches,371,477,78,Moudon,Broye-Vully,https://upload.wikimedia.org/wikipedia/commons/thumb/3/35/Hermenches.jpg/35px-Hermenches.jpg,0.0,25.549450549450547,0.0,5.1098901098901095
Premier,236,612,39,Orbe,Jura-Nord vaudois,https://upload.wikimedia.org/wikipedia/commons/thumb/3/31/Premier-coat_of_arms.svg/35px-Premier-coat_of_arms.svg.png,0.0,25.40584415584416,0.0,5.081168831168832
Ependes (VD),372,481,77,Yverdon,Jura-Nord vaudois,https://upload.wikimedia.org/wikipedia/commons/thumb/6/60/Ependes-coat_of_arms.svg/35px-Ependes-coat_of_arms.svg.png,0.0,20.941558441558442,0.0,4.188311688311688
Pully,18984,586,3240,Lausanne,Lavaux-Oron,https://upload.wikimedia.org/wikipedia/commons/thumb/e/ec/CHE_Pully_COA.svg/35px-CHE_Pully_COA.svg.png,0.0,20.833333333333332,0.0,4.166666666666667
La Praz,183,512,36,Orbe,Jura-Nord vaudois,https://upload.wikimedia.org/wikipedia/commons/thumb/d/dc/La_Praz-coat_of_arms.svg/35px-La_Praz-coat_of_arms.svg.png,0.0,20.048701298701296,0.0,4.009740259740259
Corcelles-près-Payerne,2844,1212,235,Payerne,Broye-Vully,https://upload.wikimedia.org/wikipedia/commons/thumb/0/03/Blason_commune_CH_Corcelles-pr%C3%A8s-Payerne_%28Vaud%29.svg/35px-Blason_commune_CH_Corcelles-pr%C3%A8s-Payerne_%28Vaud%29.svg.png,0.0,19.886363636363637,0.0,3.9772727272727275
Vully-les-Lacs,3528,2092,169,Avenches,Broye-Vully,https://upload.wikimedia.org/wikipedia/commons/thumb/8/83/CHE_Vully-les-Lacs_COA.svg/35px-CHE_Vully-les-Lacs_COA.svg.png,0.0,19.603174603174605,0.0,3.920634920634921
Treycovagnes,521,208,250,Yverdon,Jura-Nord vaudois,https://upload.wikimedia.org/wikipedia/commons/thumb/9/9a/Treycovagnes-coat_of_arms.svg/35px-Treycovagnes-coat_of_arms.svg.png,0.0,19.399350649350648,0.0,3.8798701298701297
Rances,521,983,53,Orbe,Jura-Nord vaudois,https://upload.wikimedia.org/wikipedia/commons/thumb/c/c1/Rances-coat_of_arms.svg/35px-Rances-coat_of_arms.svg.png,0.0,19.155844155844154,0.0,3.831168831168831
Vucherens,635,328,194,Moudon,Broye-Vully,https://upload.wikimedia.org/wikipedia/commons/thumb/7/75/Vucherens_ch.png/35px-Vucherens_ch.png,0.0,15.934065934065933,0.0,3.1868131868131866
Grancy,489,567,86,Cossonay,Morges,https://upload.wikimedia.org/wikipedia/commons/thumb/b/b0/CHE_Grancy_COA.svg/35px-CHE_Grancy_COA.svg.png,0.0,14.123376623376622,0.0,2.8246753246753245
Tévenon,867,1428,61,Grandson,Jura-Nord vaudois,https://upload.wikimedia.org/wikipedia/commons/thumb/1/1f/T%C3%A9venon-coat_of_arms.svg/35px-T%C3%A9venon-coat_of_arms.svg.png,0.0,13.96103896103896,0.0,2.792207792207792
Eclépens,1198,580,207,Cossonay,Morges,https://upload.wikimedia.org/wikipedia/commons/thumb/5/5d/Eclepens-coat_of_arms.svg/35px-Eclepens-coat_of_arms.svg.png,0.0,13.14935064935065,0.0,2.62987012987013
Berolle,301,961,31,Aubonne,Morges,https://upload.wikimedia.org/wikipedia/commons/thumb/4/41/Berolle-coat_of_arms.svg/35px-Berolle-coat_of_arms.svg.png,0.0,12.905844155844157,0.0,2.5811688311688314
Rougemont,829,4854,17,Pays-d’Enhaut,Riviera-Pays-d’Enhaut,https://upload.wikimedia.org/wikipedia/commons/thumb/0/0c/CHE_Rougemont_COA.svg/35px-CHE_Rougemont_COA.svg.png,0.0,9.136212624584719,0.0,1.8272425249169437
Rovray,194,320,61,Yverdon,Jura-Nord vaudois,https://upload.wikimedia.org/wikipedia/commons/thumb/f/f4/Rovray-coat_of_arms.svg/35px-Rovray-coat_of_arms.svg.png,0.0,8.522727272727272,0.0,1.7045454545454544
Rossinière,532,2336,23,Pays-d’Enhaut,Riviera-Pays-d’Enhaut,https://upload.wikimedia.org/wikipedia/commons/thumb/a/a9/CHE_Rossini%C3%A8re_COA.svg/35px-CHE_Rossini%C3%A8re_COA.svg.png,0.0,7.724252491694353,0.0,1.5448504983388707
Féchy,888,270,329,Aubonne,Morges,https://upload.wikimedia.org/wikipedia/commons/thumb/9/92/Fechy-coat_of_arms.svg/35px-Fechy-coat_of_arms.svg.png,0.0,6.25,0.0,1.25
Goumoëns,1171,1069,110,Echallens,Gros-de-Vaud,https://upload.wikimedia.org/wikipedia/commons/thumb/9/99/CHE_Goumo%C3%ABns_COA.svg/35px-CHE_Goumo%C3%ABns_COA.svg.png,0.0,5.438311688311689,0.0,1.0876623376623378
Rueyres,303,200,152,Echallens,Gros-de-Vaud,https://upload.wikimedia.org/wikipedia/commons/thumb/9/98/Rueyres-coat_of_arms.svg/35px-Rueyres-coat_of_arms.svg.png,0.0,4.870129870129871,0.0,0.9740259740259742
Grandson,3360,785,428,Grandson,Jura-Nord vaudois,https://upload.wikimedia.org/wikipedia/commons/thumb/7/7d/CHE_Grandson_COA.svg/35px-CHE_Grandson_COA.svg.png,0.0,3.571428571428571,0.0,0.7142857142857143
Vevey,19738,240,8224,Vevey,Riviera-Pays-d’Enhaut,https://upload.wikimedia.org/wikipedia/commons/thumb/5/59/CHE_Vevey_COA.svg/35px-CHE_Vevey_COA.svg.png,0.0,3.3279220779220777,0.0,0.6655844155844156
Chavannes-près-Renens,8737,165,5295,Morges,Ouest lausannois,https://upload.wikimedia.org/wikipedia/commons/thumb/e/e5/Chavannes-pres-Renens-coat_of_arms.svg/35px-Chavannes-pres-Renens-coat_of_arms.svg.png,0.0,3.3279220779220777,0.0,0.6655844155844156
Giez,448,476,94,Grandson,Jura-Nord vaudois,https://upload.wikimedia.org/wikipedia/commons/thumb/5/5e/CHE_Giez_COA.svg/35px-CHE_Giez_COA.svg.png,0.0,2.922077922077922,0.0,0.5844155844155844
Montpreveyres,661,412,160,Oron,Lavaux-Oron,https://upload.wikimedia.org/wikipedia/commons/thumb/7/75/Montpreveyres-coat_of_arms.svg/35px-Montpreveyres-coat_of_arms.svg.png,0.0,2.922077922077922,0.0,0.5844155844155844
Vaulion,483,1315,37,Orbe,Jura-Nord vaudois,https://upload.wikimedia.org/wikipedia/commons/thumb/1/17/Vaulion-coat_of_arms.svg/35px-Vaulion-coat_of_arms.svg.png,0.0,2.8409090909090913,0.0,0.5681818181818182
Boulens,382,342,112,Moudon,Gros-de-Vaud,https://upload.wikimedia.org/wikipedia/commons/thumb/f/f0/CHE_Boulens_COA.svg/35px-CHE_Boulens_COA.svg.png,0.0,2.3255813953488373,0.0,0.4651162790697675
Ropraz,527,481,110,Oron,Broye-Vully,https://upload.wikimedia.org/wikipedia/commons/thumb/d/da/Ropraz.jpg/35px-Ropraz.jpg,0.0,2.1978021978021975,0.0,0.43956043956043955
Champagne,1073,392,274,Grandson,Jura-Nord vaudois,https://upload.wikimedia.org/wikipedia/commons/thumb/5/5a/CHE_Champagne_COA.svg/35px-CHE_Champagne_COA.svg.png,0.0,1.7857142857142856,0.0,0.35714285714285715
Concise,1004,1137,88,Grandson,Jura-Nord vaudois,https://upload.wikimedia.org/wikipedia/commons/thumb/6/60/CHE-Concise-COA.svg/35px-CHE-Concise-COA.svg.png,0.0,1.6611295681063125,0.0,0.3322259136212625
Corseaux,2303,107,2152,Vevey,Riviera-Pays-d’Enhaut,https://upload.wikimedia.org/wikipedia/commons/thumb/e/e9/CHE_Corseaux_COA.svg/35px-CHE_Corseaux_COA.svg.png,0.0,1.6233766233766231,0.0,0.3246753246753247
Penthalaz,3209,387,829,Cossonay,Gros-de-Vaud,https://upload.wikimedia.org/wikipedia/commons/thumb/2/2a/CHE_Penthalaz_COA.svg/35px-CHE_Penthalaz_COA.svg.png,0.0,1.461038961038961,0.0,0.2922077922077922
Bournens,511,391,131,Cossonay,Gros-de-Vaud,https://upload.wikimedia.org/wikipedia/commons/thumb/c/cc/CHE_Bournens_COA.svg/35px-CHE_Bournens_COA.svg.png,0.0,1.1627906976744187,0.0,0.23255813953488375
Vallorbe,3958,2319,171,Orbe,Jura-Nord vaudois,https://upload.wikimedia.org/wikipedia/commons/thumb/d/d8/CHE_Vallorbe_COA.svg/35px-CHE_Vallorbe_COA.svg.png,0.0,0.8928571428571428,0.0,0.17857142857142858
Molondin,259,549,47,Yverdon,Jura-Nord vaudois,https://upload.wikimedia.org/wikipedia/commons/thumb/a/ac/Molondin-coat_of_arms.svg/35px-Molondin-coat_of_arms.svg.png,0.0,0.8116883116883116,0.0,0.16233766233766234
Orges,406,402,101,Yverdon,Jura-Nord vaudois,https://upload.wikimedia.org/wikipedia/commons/thumb/1/1a/Orges-coat_of_arms.svg/35px-Orges-coat_of_arms.svg.png,0.0,0.8116883116883116,0.0,0.16233766233766234
Perroy,1547,291,532,Rolle,Nyon,https://upload.wikimedia.org/wikipedia/commons/thumb/f/f2/CHE_Perroy_COA.svg/35px-CHE_Perroy_COA.svg.png,0.0,0.7475083056478405,0.0,0.14950166112956811
Rivaz,332,31,1071,Lavaux,Lavaux-Oron,https://upload.wikimedia.org/wikipedia/commons/thumb/0/00/CHE_Rivaz_COA.svg/35px-CHE_Rivaz_COA.svg.png,0.0,0.7305194805194805,0.0,0.1461038961038961
Le Lieu,886,3254,27,La Vallée,Jura-Nord vaudois,https://upload.wikimedia.org/wikipedia/commons/thumb/3/38/CHE_Le_Lieu_COA.svg/35px-CHE_Le_Lieu_COA.svg.png,0.0,0.6493506493506493,0.0,0.12987012987012989
Villars-le-Terroir,1307,709,184,Echallens,Gros-de-Vaud,https://upload.wikimedia.org/wikipedia/commons/thumb/0/0d/Villars-le-Terroir-coat_of_arms.svg/35px-Villars-le-Terroir-coat_of_arms.svg.png,0.0,0.5681818181818182,0.0,0.11363636363636365
Chavornay,5395,1928,280,Orbe,Jura-Nord vaudois,https://upload.wikimedia.org/wikipedia/commons/thumb/f/f6/Chavornay-coat_of_arms.svg/35px-Chavornay-coat_of_arms.svg.png,0.0,0.487012987012987,0.0,0.09740259740259741
Montreux,26230,3341,785,Vevey,Riviera-Pays-d’Enhaut,https://upload.wikimedia.org/wikipedia/commons/thumb/7/77/CHE_Montreux_COA.svg/35px-CHE_Montreux_COA.svg.png,0.0,0.4058441558441558,0.0,0.08116883116883117
Ballaigues,1153,906,127,Orbe,Jura-Nord vaudois,https://upload.wikimedia.org/wikipedia/commons/thumb/e/eb/Ballaigues-coat_of_arms.svg/35px-Ballaigues-coat_of_arms.svg.png,0.0,0.4058441558441558,0.0,0.08116883116883117
Valeyres-sous-Montagny,703,228,308,Yverdon,Jura-Nord vaudois,https://upload.wikimedia.org/wikipedia/commons/thumb/b/b3/Valeyres-sous-Montagny-coat_of_arms.svg/35px-Valeyres-sous-Montagny-coat_of_arms.svg.png,0.0,0.4058441558441558,0.0,0.08116883116883117
Chexbres,2202,215,1024,Lavaux,Lavaux-Oron,https://upload.wikimedia.org/wikipedia/commons/thumb/9/9f/CHE_Chexbres_COA.svg/35px-CHE_Chexbres_COA.svg.png,0.0,0.3246753246753247,0.0,0.06493506493506494
Cuarnens,545,713,76,Cossonay,Morges,https://upload.wikimedia.org/wikipedia/commons/thumb/3/34/Cuarnens-coat_of_arms.svg/35px-Cuarnens-coat_of_arms.svg.png,0.0,0.3246753246753247,0.0,0.06493506493506494
Avenches,4685,1947,241,Avenches,Broye-Vully,https://upload.wikimedia.org/wikipedia/commons/thumb/8/8e/CHE_Avenches_COA.svg/35px-CHE_Avenches_COA.svg.png,0.0,0.2435064935064935,0.0,0.048701298701298704
Novalles,99,206,48,Grandson,Jura-Nord vaudois,https://upload.wikimedia.org/wikipedia/commons/thumb/8/84/Novalles-coat_of_arms.svg/35px-Novalles-coat_of_arms.svg.png,0.0,0.2435064935064935,0.0,0.048701298701298704
Sullens,1168,391,299,Cossonay,Gros-de-Vaud,https://upload.wikimedia.org/wikipedia/commons/thumb/a/ac/Sullens-coat_of_arms.svg/35px-Sullens-coat_of_arms.svg.png,0.0,0.2435064935064935,0.0,0.048701298701298704
Ferreyres,308,316,97,Cossonay,Morges,https://upload.wikimedia.org/wikipedia/commons/thumb/3/3d/Ferreyres-coat_of_arms.svg/35px-Ferreyres-coat_of_arms.svg.png,0.0,0.2435064935064935,0.0,0.048701298701298704
Vufflens-la-Ville,1337,538,249,Cossonay,Gros-de-Vaud,https://upload.wikimedia.org/wikipedia/commons/thumb/a/a0/Vuflens-la-Ville-coat_of_arms.svg/35px-Vuflens-la-Ville-coat_of_arms.svg.png,0.0,0.16233766233766234,0.0,0.03246753246753247
Donneloye,905,901,100,Yverdon,Jura-Nord vaudois,https://upload.wikimedia.org/wikipedia/commons/thumb/d/d5/Donneloye-coat_of_arms.svg/35px-Donneloye-coat_of_arms.svg.png,0.0,0.16233766233766234,0.0,0.03246753246753247
Vinzel,379,110,345,Rolle,Nyon,https://upload.wikimedia.org/wikipedia/commons/thumb/2/24/Vinzel-coat_of_arms.svg/35px-Vinzel-coat_of_arms.svg.png,0.0,0.16233766233766234,0.0,0.03246753246753247
Senarclens,495,397,125,Cossonay,Morges,https://upload.wikimedia.org/wikipedia/commons/thumb/b/b5/Senarclens-coat_of_arms.svg/35px-Senarclens-coat_of_arms.svg.png,0.0,0.16233766233766234,0.0,0.03246753246753247
Chavannes-sur-Moudon,218,515,42,Moudon,Broye-Vully,https://upload.wikimedia.org/wikipedia/commons/thumb/a/ab/CHE_Chavannes-sur-Moudon_COA.svg/35px-CHE_Chavannes-sur-Moudon_COA.svg.png,0.0,0.08305647840531562,0.0,0.016611295681063124
Curtilles,290,496,58,Moudon,Broye-Vully,https://upload.wikimedia.org/wikipedia/commons/thumb/7/7c/Curtilles-coat_of_arms.svg/35px-Curtilles-coat_of_arms.svg.png,0.0,0.08116883116883117,0.0,0.016233766233766236
Mont-la-Ville,502,1979,25,Cossonay,Morges,https://upload.wikimedia.org/wikipedia/commons/thumb/c/c1/Mont-la-Ville-coat_of_arms.svg/35px-Mont-la-Ville-coat_of_arms.svg.png,0.0,0.08116883116883117,0.0,0.016233766233766236
Penthaz,1923,384,501,Cossonay,Gros-de-Vaud,https://upload.wikimedia.org/wikipedia/commons/thumb/7/77/Penthaz-coat_of_arms.svg/35px-Penthaz-coat_of_arms.svg.png,0.0,0.08116883116883117,0.0,0.016233766233766236
L’Isle,1093,1622,67,Cossonay,Morges,https://upload.wikimedia.org/wikipedia/commons/thumb/8/88/L_Isle-coat_of_arms.svg/35px-L_Isle-coat_of_arms.svg.png,0.0,0.08116883116883117,0.0,0.016233766233766236
Froideville,2722,708,384,Echallens,Gros-de-Vaud,https://upload.wikimedia.org/wikipedia/commons/thumb/c/c0/Froideville-coat_of_arms.svg/35px-Froideville-coat_of_arms.svg.png,0.0,0.08116883116883117,0.0,0.016233766233766236
Bussy-sur-Moudon,246,312,79,Moudon,Broye-Vully,https://upload.wikimedia.org/wikipedia/commons/thumb/8/86/Bussy-sur-Moudon-coat_of_arms.svg/35px-Bussy-sur-Moudon-coat_of_arms.svg.png,0.0,0.0,0.0,0.0
Renens (VD),21086,295,7148,Lausanne,Ouest lausannois,https://upload.wikimedia.org/wikipedia/commons/thumb/c/cf/Renens-coat_of_arms.svg/35px-Renens-coat_of_arms.svg.png,0.0,0.0,0.0,0.0
Bussigny,10365,481,2155,Morges,Ouest lausannois,https://upload.wikimedia.org/wikipedia/commons/thumb/0/09/Bussigny-pres-Lausanne-coat_of_arms.svg/35px-Bussigny-pres-Lausanne-coat_of_arms.svg.png,0.0,0.0,0.0,0.0
Belmont-sur-Lausanne,3837,265,1448,Lausanne,Lavaux-Oron,https://upload.wikimedia.org/wikipedia/commons/thumb/f/f7/Belmont-sur-Lausanne-coat_of_arms.svg/35px-Belmont-sur-Lausanne-coat_of_arms.svg.png,0.0,0.0,0.0,0.0
Puidoux,2992,2286,131,Lavaux,Lavaux-Oron,https://upload.wikimedia.org/wikipedia/commons/thumb/9/99/CHE_Puidoux_COA.svg/35px-CHE_Puidoux_COA.svg.png,0.0,0.0,0.0,0.0
Aubonne,3791,938,404,Aubonne,Morges,https://upload.wikimedia.org/wikipedia/commons/thumb/b/ba/CHE_Aubonne_COA.svg/35px-CHE_Aubonne_COA.svg.png,0.0,0.0,0.0,0.0
Chevroux,519,340,153,Payerne,Broye-Vully,https://upload.wikimedia.org/wikipedia/commons/thumb/d/df/Chevroux-coat_of_arm.svg/35px-Chevroux-coat_of_arm.svg.png,0.0,0.0,0.0,0.0
Bavois,1010,935,108,Orbe,Jura-Nord vaudois,https://upload.wikimedia.org/wikipedia/commons/thumb/7/73/CHE_Bavois_COA.svg/35px-CHE_Bavois_COA.svg.png,0.0,0.0,0.0,0.0
Vulliens,633,663,95,Oron,Broye-Vully,https://upload.wikimedia.org/wikipedia/commons/thumb/6/66/Vulliens-coat_of_arms.svg/35px-Vulliens-coat_of_arms.svg.png,0.0,0.0,0.0,0.0
Vuiteboeuf,592,506,117,Orbe,Jura-Nord vaudois,https://upload.wikimedia.org/wikipedia/commons/thumb/a/a2/Vuiteboeuf-coat_of_arms.svg/35px-Vuiteboeuf-coat_of_arms.svg.png,0.0,0.0,0.0,0.0
Chavannes-le-Veyron,163,264,62,Cossonay,Morges,https://upload.wikimedia.org/wikipedia/commons/thumb/a/a2/Chavannes-le-Veyron-coat_of_arms.svg/35px-Chavannes-le-Veyron-coat_of_arms.svg.png,0.0,0.0,0.0,0.0
Villarzel,487,766,64,Payerne,Broye-Vully,https://upload.wikimedia.org/wikipedia/commons/thumb/f/f1/GW-VD-Villarzel.png/35px-GW-VD-Villarzel.png,0.0,0.0,0.0,0.0
Arnex-sur-Orbe,691,762,91,Orbe,Jura-Nord vaudois,https://upload.wikimedia.org/wikipedia/commons/thumb/d/d3/CHE_Arnex-sur-Orbe_COA.svg/35px-CHE_Arnex-sur-Orbe_COA.svg.png,0.0,0.0,0.0,0.0
Villars-Sainte-Croix,982,165,595,Morges,Ouest lausannois,https://upload.wikimedia.org/wikipedia/commons/thumb/9/9f/Villars-Sainte-Croix-coat_of_arms.svg/35px-Villars-Sainte-Croix-coat_of_arms.svg.png,0.0,0.0,0.0,0.0
Veytaux,975,677,144,Vevey,Riviera-Pays-d’Enhaut,https://upload.wikimedia.org/wikipedia/commons/thumb/8/85/Veytaux-coat_of_arms.svg/35px-Veytaux-coat_of_arms.svg.png,0.0,0.0,0.0,0.0
Valbroye,3362,3355,100,Payerne,Broye-Vully,https://upload.wikimedia.org/wikipedia/commons/thumb/1/11/CHE_Valbroye_COA.svg/35px-CHE_Valbroye_COA.svg.png,0.0,0.0,0.0,0.0
Ursins,231,336,69,Yverdon,Jura-Nord vaudois,https://upload.wikimedia.org/wikipedia/commons/thumb/3/3f/Ursins-coat_of_arms.svg/35px-Ursins-coat_of_arms.svg.png,0.0,0.0,0.0,0.0
Treytorrens (Payerne),105,307,34,Payerne,Broye-Vully,https://upload.wikimedia.org/wikipedia/commons/thumb/9/91/Blason_commune_CH_Treytorrens_%28Vaud%29.svg/35px-Blason_commune_CH_Treytorrens_%28Vaud%29.svg.png,0.0,0.0,0.0,0.0
Trey,300,379,79,Payerne,Broye-Vully,https://upload.wikimedia.org/wikipedia/commons/thumb/e/eb/Trey-coat_of_arms.svg/35px-Trey-coat_of_arms.svg.png,0.0,0.0,0.0,0.0
Champvent,727,903,81,Yverdon,Jura-Nord vaudois,https://upload.wikimedia.org/wikipedia/commons/thumb/c/ca/CHE_Champvent_COA.svg/35px-CHE_Champvent_COA.svg.png,0.0,0.0,0.0,0.0
Suchy,671,664,101,Yverdon,Jura-Nord vaudois,https://upload.wikimedia.org/wikipedia/commons/thumb/e/ea/CHE_Suchy_COA.svg/35px-CHE_Suchy_COA.svg.png,0.0,0.0,0.0,0.0
Servion,2138,632,338,Oron,Lavaux-Oron,https://upload.wikimedia.org/wikipedia/commons/thumb/9/92/Les_Cullayes-coat_of_arms.svg/35px-Les_Cullayes-coat_of_arms.svg.png,0.0,0.0,0.0,0.0
Sergey,140,146,96,Orbe,Jura-Nord vaudois,https://upload.wikimedia.org/wikipedia/commons/thumb/6/62/CHE_Sergey_COA.svg/35px-CHE_Sergey_COA.svg.png,0.0,0.0,0.0,0.0
Saubraz,448,371,121,Aubonne,Morges,https://upload.wikimedia.org/wikipedia/commons/thumb/2/20/Saubraz-coat_of_arms.svg/35px-Saubraz-coat_of_arms.svg.png,0.0,0.0,0.0,0.0
Champtauroz,169,305,55,Payerne,Broye-Vully,https://upload.wikimedia.org/wikipedia/commons/thumb/2/29/Champtauroz-coat_of_arms.svg/35px-Champtauroz-coat_of_arms.svg.png,0.0,0.0,0.0,0.0
Ballens,589,845,70,Aubonne,Morges,https://upload.wikimedia.org/wikipedia/commons/thumb/2/2d/CHE_Ballens_COA.svg/35px-CHE_Ballens_COA.svg.png,0.0,0.0,0.0,0.0
Chamblon,567,286,198,Yverdon,Jura-Nord vaudois,https://upload.wikimedia.org/wikipedia/commons/thumb/a/af/Chamblon-coat_of_arms.svg/35px-Chamblon-coat_of_arms.svg.png,0.0,0.0,0.0,0.0
Baulmes,1135,2250,50,Orbe,Jura-Nord vaudois,https://upload.wikimedia.org/wikipedia/commons/thumb/a/a7/CHE_Baulmes_COA.svg/35px-CHE_Baulmes_COA.svg.png,0.0,0.0,0.0,0.0
Chevilly,331,389,85,Cossonay,Morges,https://upload.wikimedia.org/wikipedia/commons/thumb/d/dd/Chevilly-coat_of_arms.svg/35px-Chevilly-coat_of_arms.svg.png,0.0,0.0,0.0,0.0
Provence,403,3186,13,Grandson,Jura-Nord vaudois,https://upload.wikimedia.org/wikipedia/commons/thumb/f/f2/CHE_Provence_COA.svg/35px-CHE_Provence_COA.svg.png,0.0,0.0,0.0,0.0
Bursins,766,337,227,Rolle,Nyon,https://upload.wikimedia.org/wikipedia/commons/thumb/1/1c/Bursins-coat_of_arms.svg/35px-Bursins-coat_of_arms.svg.png,0.0,0.0,0.0,0.0
Prévonloup,220,184,120,Moudon,Broye-Vully,https://upload.wikimedia.org/wikipedia/commons/thumb/c/c8/Pr%C3%A9vonloup.svg/35px-Pr%C3%A9vonloup.svg.png,0.0,0.0,0.0,0.0
Jongny,1842,216,853,Vevey,Riviera-Pays-d’Enhaut,https://upload.wikimedia.org/wikipedia/commons/thumb/a/a8/CHE_Jongny_COA.svg/35px-CHE_Jongny_COA.svg.png,0.0,0.0,0.0,0.0
Bretigny-sur-Morrens,877,287,306,Echallens,Gros-de-Vaud,https://upload.wikimedia.org/wikipedia/commons/thumb/9/94/Bretigny-sur-Morrens.png/35px-Bretigny-sur-Morrens.png,0.0,0.0,0.0,0.0
Grandcour,1000,1020,98,Payerne,Broye-Vully,https://upload.wikimedia.org/wikipedia/commons/thumb/1/13/Grandcour-coat_of_arms.svg/35px-Grandcour-coat_of_arms.svg.png,0.0,0.0,0.0,0.0
Grandevent,237,344,69,Grandson,Jura-Nord vaudois,https://upload.wikimedia.org/wikipedia/commons/thumb/e/eb/CHE_Grandevent_COA.svg/35px-CHE_Grandevent_COA.svg.png,0.0,0.0,0.0,0.0
Cronay,410,658,62,Yverdon,Jura-Nord vaudois,https://upload.wikimedia.org/wikipedia/commons/thumb/3/38/Cronay-coat_of_arms.svg/35px-Cronay-coat_of_arms.svg.png,0.0,0.0,0.0,0.0
Crissier,9181,550,1669,Lausanne,Ouest lausannois,https://upload.wikimedia.org/wikipedia/commons/thumb/2/2a/Crissier-coat_of_arms.svg/35px-Crissier-coat_of_arms.svg.png,0.0,0.0,0.0,0.0
Hautemorges,4256,3295,129,Cossonay Morges,Morges,https://upload.wikimedia.org/wikipedia/commons/thumb/2/2f/CHE_Hautemorges_COA.svg/35px-CHE_Hautemorges_COA.svg.png,0.0,0.0,0.0,0.0
Henniez,412,261,158,Payerne,Broye-Vully,https://upload.wikimedia.org/wikipedia/commons/thumb/f/f2/Blason_commune_CH_Henniez_%28Vaud%29.svg/35px-Blason_commune_CH_Henniez_%28Vaud%29.svg.png,0.0,0.0,0.0,0.0
Boussens,1006,316,318,Cossonay,Gros-de-Vaud,https://upload.wikimedia.org/wikipedia/commons/thumb/a/ae/Boussens-coat_of_arms.svg/35px-Boussens-coat_of_arms.svg.png,0.0,0.0,0.0,0.0
Cossonay,4386,828,530,Cossonay,Morges,https://upload.wikimedia.org/wikipedia/commons/thumb/a/af/CHE_Cossonay_COA.svg/35px-CHE_Cossonay_COA.svg.png,0.0,0.0,0.0,0.0
Juriens,347,935,37,Orbe,Jura-Nord vaudois,https://upload.wikimedia.org/wikipedia/commons/thumb/e/ec/Juriens-coat_of_arms.svg/35px-Juriens-coat_of_arms.svg.png,0.0,0.0,0.0,0.0
L’Abbaye,1534,3188,48,La Vallée,Jura-Nord vaudois,https://upload.wikimedia.org/wikipedia/commons/thumb/3/34/CHE_L%E2%80%99Abbaye_COA.svg/35px-CHE_L%E2%80%99Abbaye_COA.svg.png,0.0,0.0,0.0,0.0
L’Abergement,260,579,45,Orbe,Jura-Nord vaudois,https://upload.wikimedia.org/wikipedia/commons/thumb/b/b6/L-Abergement-blazono.png/35px-L-Abergement-blazono.png,0.0,0.0,0.0,0.0
La Chaux (Cossonay),413,674,61,Cossonay,Morges,https://upload.wikimedia.org/wikipedia/commons/thumb/1/19/La_Chaux-coat_of_arms.svg/35px-La_Chaux-coat_of_arms.svg.png,0.0,0.0,0.0,0.0
La Sarraz,2607,770,339,Cossonay,Morges,https://upload.wikimedia.org/wikipedia/commons/thumb/6/69/CHE_La_Sarraz_COA.svg/35px-CHE_La_Sarraz_COA.svg.png,0.0,0.0,0.0,0.0
La Tour-de-Peilz,12382,326,3798,Vevey,Riviera-Pays-d’Enhaut,https://upload.wikimedia.org/wikipedia/commons/thumb/7/7b/La_Tour-de-Peilz-coat_of_arms.svg/35px-La_Tour-de-Peilz-coat_of_arms.svg.png,0.0,0.0,0.0,0.0
Agiez,379,546,69,Orbe,Jura-Nord vaudois,https://upload.wikimedia.org/wikipedia/commons/thumb/b/ba/CHE_Agiez_COA.svg/35px-CHE_Agiez_COA.svg.png,0.0,0.0,0.0,0.0
Bretonnières,264,545,48,Orbe,Jura-Nord vaudois,https://upload.wikimedia.org/wikipedia/commons/thumb/f/f9/Bretonnieres-coat_of_arms.svg/35px-Bretonnieres-coat_of_arms.svg.png,0.0,0.0,0.0,0.0
Croy,386,448,86,Orbe,Jura-Nord vaudois,https://upload.wikimedia.org/wikipedia/commons/thumb/7/74/CHE_Croy_COA.svg/35px-CHE_Croy_COA.svg.png,0.0,0.0,0.0,0.0
Gimel,2418,1888,128,Aubonne,Morges,https://upload.wikimedia.org/wikipedia/commons/thumb/a/ae/Gimel-coat_of_arms.svg/35px-Gimel-coat_of_arms.svg.png,0.0,0.0,0.0,0.0
Gilly,1446,776,186,Rolle,Nyon,https://upload.wikimedia.org/wikipedia/commons/thumb/8/8d/Gilly-coat_of_arms.svg/35px-Gilly-coat_of_arms.svg.png,0.0,0.0,0.0,0.0
Dizy,232,304,76,Cossonay,Morges,https://upload.wikimedia.org/wikipedia/commons/thumb/0/0d/CHE_Dizy_COA.svg/35px-CHE_Dizy_COA.svg.png,0.0,0.0,0.0,0.0
Dompierre (VD),248,321,77,Moudon,Broye-Vully,https://upload.wikimedia.org/wikipedia/commons/thumb/9/90/CHE_Dompierre_VD_COA.svg/35px-CHE_Dompierre_VD_COA.svg.png,0.0,0.0,0.0,0.0
Daillens,1057,552,191,Cossonay,Gros-de-Vaud,https://upload.wikimedia.org/wikipedia/commons/thumb/f/fc/Daillens-coat_of_arms.svg/35px-Daillens-coat_of_arms.svg.png,0.0,0.0,0.0,0.0
Dully,626,165,379,Rolle,Nyon,https://upload.wikimedia.org/wikipedia/commons/thumb/9/9d/Dully-coat_of_arms.svg/35px-Dully-coat_of_arms.svg.png,0.0,0.0,0.0,0.0
Cugy (VD),2696,291,926,Echallens,Gros-de-Vaud,https://upload.wikimedia.org/wikipedia/commons/thumb/a/a7/Cugy-VD-coat_of_arms.svg/35px-Cugy-VD-coat_of_arms.svg.png,0.0,0.0,0.0,0.0
Ecublens (VD),13118,572,2293,Morges,Ouest lausannois,https://upload.wikimedia.org/wikipedia/commons/thumb/b/b7/CHE_Ecublens_VD_COA.svg/35px-CHE_Ecublens_VD_COA.svg.png,0.0,0.0,0.0,0.0
Cudrefin,1875,1550,121,Avenches,Broye-Vully,https://upload.wikimedia.org/wikipedia/commons/thumb/2/29/Blason_commune_CH_Cudrefin_%28Vaud%29.svg/35px-Blason_commune_CH_Cudrefin_%28Vaud%29.svg.png,0.0,0.0,0.0,0.0
Essertines-sur-Yverdon,1081,975,111,Echallens,Gros-de-Vaud,https://upload.wikimedia.org/wikipedia/commons/thumb/2/2d/Essertines-sur-Yverdon-coat_of_arms.svg/35px-Essertines-sur-Yverdon-coat_of_arms.svg.png,0.0,0.0,0.0,0.0
Etagnières,1147,378,303,Echallens,Gros-de-Vaud,https://upload.wikimedia.org/wikipedia/commons/thumb/1/15/CHE_%C3%89tagni%C3%A8res_COA.svg/35px-CHE_%C3%89tagni%C3%A8res_COA.svg.png,0.0,0.0,0.0,0.0
Bursinel,504,178,283,Rolle,Nyon,https://upload.wikimedia.org/wikipedia/commons/thumb/0/0e/Bursinel-coat_of_arms.svg/35px-Bursinel-coat_of_arms.svg.png,0.0,0.0,0.0,0.0
Bullet,656,1682,39,Grandson,Jura-Nord vaudois,https://upload.wikimedia.org/wikipedia/commons/thumb/7/7b/Bullet-coat_of_arms.svg/35px-Bullet-coat_of_arms.svg.png,0.0,0.0,0.0,0.0
Fiez,437,683,64,Grandson,Jura-Nord vaudois,https://upload.wikimedia.org/wikipedia/commons/thumb/0/0f/Fiez-coat_of_arms.svg/35px-Fiez-coat_of_arms.svg.png,0.0,0.0,0.0,0.0
Fontaines-sur-Grandson,214,786,27,Grandson,Jura-Nord vaudois,https://upload.wikimedia.org/wikipedia/commons/thumb/d/d5/CHE_Fontaines-sur-Grandson_COA.svg/35px-CHE_Fontaines-sur-Grandson_COA.svg.png,0.0,0.0,0.0,0.0
Forel (Lavaux),2064,1851,112,Lavaux,Lavaux-Oron,https://upload.wikimedia.org/wikipedia/commons/thumb/6/68/Forel-coat_of_arms.svg/35px-Forel-coat_of_arms.svg.png,0.0,0.0,0.0,0.0
Cuarny,237,456,52,Yverdon,Jura-Nord vaudois,https://upload.wikimedia.org/wikipedia/commons/thumb/3/3c/Cuarny-coat_of_arms.svg/35px-Cuarny-coat_of_arms.svg.png,0.0,0.0,0.0,0.0
Le Chenit,4603,9919,46,La Vallée,Jura-Nord vaudois,https://upload.wikimedia.org/wikipedia/commons/thumb/3/33/CHE_Le_Chenit_COA.svg/35px-CHE_Le_Chenit_COA.svg.png,0.0,0.0,0.0,0.0
Les Clées,186,704,26,Orbe,Jura-Nord vaudois,https://upload.wikimedia.org/wikipedia/commons/thumb/9/99/CHE_Les_Cl%C3%A9es_COA.svg/35px-CHE_Les_Cl%C3%A9es_COA.svg.png,0.0,0.0,0.0,0.0
Belmont-sur-Yverdon,435,646,67,Yverdon,Jura-Nord vaudois,https://upload.wikimedia.org/wikipedia/commons/thumb/8/88/CHE_Belmont-sur-Yverdon_COA.svg/35px-CHE_Belmont-sur-Yverdon_COA.svg.png,0.0,0.0,0.0,0.0
Bercher,1359,427,318,Echallens,Gros-de-Vaud,https://upload.wikimedia.org/wikipedia/commons/thumb/9/94/Armoiries_bercher.svg/35px-Armoiries_bercher.svg.png,0.0,0.0,0.0,0.0
Montilliez,1894,1186,160,Echallens,Gros-de-Vaud,https://upload.wikimedia.org/wikipedia/commons/thumb/8/81/Montilliez-coat_of_arms.svg/35px-Montilliez-coat_of_arms.svg.png,0.0,0.0,0.0,0.0
Montricher,979,2602,38,Cossonay,Morges,https://upload.wikimedia.org/wikipedia/commons/thumb/2/2f/Montricher-coat_of_arms.svg/35px-Montricher-coat_of_arms.svg.png,0.0,0.0,0.0,0.0
Morrens (VD),1172,367,319,Echallens,Gros-de-Vaud,https://upload.wikimedia.org/wikipedia/commons/thumb/8/82/Morrens-coat_of_arms.svg/35px-Morrens-coat_of_arms.svg.png,0.0,0.0,0.0,0.0
Démoret,167,428,39,Yverdon,Jura-Nord vaudois,https://upload.wikimedia.org/wikipedia/commons/thumb/6/69/D%C3%A9moret-coat_of_arms.svg/35px-D%C3%A9moret-coat_of_arms.svg.png,0.0,0.0,0.0,0.0
Bettens,650,374,174,Cossonay,Gros-de-Vaud,https://upload.wikimedia.org/wikipedia/commons/thumb/2/20/Blason_commune_CH_Bettens_%28Vaud%29.svg/35px-Blason_commune_CH_Bettens_%28Vaud%29.svg.png,0.0,0.0,0.0,0.0
Onnens (VD),495,514,96,Grandson,Jura-Nord vaudois,https://upload.wikimedia.org/wikipedia/commons/thumb/5/51/CHE_Onnens_COA.svg/35px-CHE_Onnens_COA.svg.png,0.0,0.0,0.0,0.0
Orbe,7613,1205,632,Orbe,Jura-Nord vaudois,https://upload.wikimedia.org/wikipedia/commons/thumb/6/64/Orbe-coat_of_arms.svg/35px-Orbe-coat_of_arms.svg.png,0.0,0.0,0.0,0.0
Orny,486,555,88,Cossonay,Morges,https://upload.wikimedia.org/wikipedia/commons/thumb/5/5c/Orny-coat_of_arms.svg/35px-Orny-coat_of_arms.svg.png,0.0,0.0,0.0,0.0
Corsier-sur-Vevey,3362,674,499,Vevey,Riviera-Pays-d’Enhaut,https://upload.wikimedia.org/wikipedia/commons/thumb/2/23/CHE_Corsier-sur-Vevey_COA.svg/35px-CHE_Corsier-sur-Vevey_COA.svg.png,0.0,0.0,0.0,0.0
Oron,6114,2462,248,Oron,Lavaux-Oron,https://upload.wikimedia.org/wikipedia/commons/thumb/b/be/Oron-coat_of_arms.svg/35px-Oron-coat_of_arms.svg.png,0.0,0.0,0.0,0.0
Orzens,208,420,50,Yverdon,Jura-Nord vaudois,https://upload.wikimedia.org/wikipedia/commons/thumb/a/a2/CHE_Orzens_COA.svg/35px-CHE_Orzens_COA.svg.png,0.0,0.0,0.0,0.0
Oulens-sous-Echallens,606,587,103,Echallens,Gros-de-Vaud,https://upload.wikimedia.org/wikipedia/commons/thumb/9/96/Oulens-sous-%C3%89challens-coat_of_arms.svg/35px-Oulens-sous-%C3%89challens-coat_of_arms.svg.png,0.0,0.0,0.0,0.0
Pailly,566,577,98,Echallens,Gros-de-Vaud,https://upload.wikimedia.org/wikipedia/commons/thumb/4/40/Pailly-coat_of_arms.svg/35px-Pailly-coat_of_arms.svg.png,0.0,0.0,0.0,0.0
Paudex,1550,49,3163,Lausanne,Lavaux-Oron,https://upload.wikimedia.org/wikipedia/commons/thumb/c/cc/Paudex-coat_of_arms.svg/35px-Paudex-coat_of_arms.svg.png,0.0,0.0,0.0,0.0
Payerne,10342,2418,428,Payerne,Broye-Vully,https://upload.wikimedia.org/wikipedia/commons/thumb/1/1b/CHE_Payerne_VD_COA.svg/35px-CHE_Payerne_VD_COA.svg.png,0.0,0.0,0.0,0.0
Penthéréaz,431,568,76,Echallens,Gros-de-Vaud,https://upload.wikimedia.org/wikipedia/commons/thumb/3/3f/Penth%C3%A9r%C3%A9az-coat_of_arms.svg/35px-Penth%C3%A9r%C3%A9az-coat_of_arms.svg.png,0.0,0.0,0.0,0.0
Montcherand,496,307,162,Orbe,Jura-Nord vaudois,https://upload.wikimedia.org/wikipedia/commons/thumb/d/db/CHE_Montcherand_COA.svg/35px-CHE_Montcherand_COA.svg.png,0.0,0.0,0.0,0.0
Montagny-près-Yverdon,772,352,219,Yverdon,Jura-Nord vaudois,https://upload.wikimedia.org/wikipedia/commons/thumb/f/f4/Montagny-pres-Yverdon-coat_of_arms.svg/35px-Montagny-pres-Yverdon-coat_of_arms.svg.png,0.0,0.0,0.0,0.0
Mollens (VD),324,1099,29,Aubonne,Morges,https://upload.wikimedia.org/wikipedia/commons/thumb/a/a7/Mollens-coat_of_arms.svg/35px-Mollens-coat_of_arms.svg.png,0.0,0.0,0.0,0.0
Moiry,297,666,45,Cossonay,Morges,https://upload.wikimedia.org/wikipedia/commons/thumb/5/59/Moiry-coat_of_arms.svg/35px-Moiry-coat_of_arms.svg.png,0.0,0.0,0.0,0.0
Bottens,1351,688,196,Echallens,Gros-de-Vaud,https://upload.wikimedia.org/wikipedia/commons/thumb/3/39/Blason_commune_CH_Bottens_%28Vaud%29.svg/35px-Blason_commune_CH_Bottens_%28Vaud%29.svg.png,0.0,0.0,0.0,0.0
Lignerolle,447,1064,42,Orbe,Jura-Nord vaudois,https://upload.wikimedia.org/wikipedia/commons/thumb/8/8e/Lignerolle-coat_of_arms.svg/35px-Lignerolle-coat_of_arms.svg.png,0.0,0.0,0.0,0.0
Lovatens,143,347,41,Moudon,Broye-Vully,https://upload.wikimedia.org/wikipedia/commons/thumb/1/1e/CHE_Lovatens_COA.svg/35px-CHE_Lovatens_COA.svg.png,0.0,0.0,0.0,0.0
Lucens,4414,1928,229,Moudon,Broye-Vully,https://upload.wikimedia.org/wikipedia/commons/thumb/3/31/CHE_Lucens_COA.svg/35px-CHE_Lucens_COA.svg.png,0.0,0.0,0.0,0.0
Luins,614,267,230,Rolle,Nyon,https://upload.wikimedia.org/wikipedia/commons/thumb/5/51/Luins-coat_of_arms.svg/35px-Luins-coat_of_arms.svg.png,0.0,0.0,0.0,0.0
Bonvillars,502,752,67,Grandson,Jura-Nord vaudois,https://upload.wikimedia.org/wikipedia/commons/thumb/3/37/CHE_Bonvillars_COA.svg/35px-CHE_Bonvillars_COA.svg.png,0.0,0.0,0.0,0.0
Corcelles-près-Concise,413,406,102,Grandson,Jura-Nord vaudois,https://upload.wikimedia.org/wikipedia/commons/thumb/8/82/Corcelles-pres-Concise-coat_of_arms.svg/35px-Corcelles-pres-Concise-coat_of_arms.svg.png,0.0,0.0,0.0,0.0
Lutry,10718,846,1267,Lavaux,Lavaux-Oron,https://upload.wikimedia.org/wikipedia/commons/thumb/2/26/CHE_Lutry_COA.svg/35px-CHE_Lutry_COA.svg.png,0.0,0.0,0.0,0.0
Maracon,546,438,125,Oron,Lavaux-Oron,https://upload.wikimedia.org/wikipedia/commons/thumb/c/ca/Maracon-coat_of_arms.svg/35px-Maracon-coat_of_arms.svg.png,0.0,0.0,0.0,0.0
Mathod,684,659,104,Yverdon,Jura-Nord vaudois,https://upload.wikimedia.org/wikipedia/commons/thumb/e/e4/Mathod-coat_of_arms.svg/35px-Mathod-coat_of_arms.svg.png,0.0,0.0,0.0,0.0
Mauborget,139,552,25,Grandson,Jura-Nord vaudois,https://upload.wikimedia.org/wikipedia/commons/thumb/5/5c/Mauborget-coat_of_arms.svg/35px-Mauborget-coat_of_arms.svg.png,0.0,0.0,0.0,0.0
Mauraz,65,50,130,Cossonay,Morges,https://upload.wikimedia.org/wikipedia/commons/thumb/c/c3/Mauraz-coat_of_arms.svg/35px-Mauraz-coat_of_arms.svg.png,0.0,0.0,0.0,0.0
Mex (VD),818,283,289,Cossonay,Gros-de-Vaud,https://upload.wikimedia.org/wikipedia/commons/thumb/3/3d/CHE_Mex_VD_COA.svg/35px-CHE_Mex_VD_COA.svg.png,0.0,0.0,0.0,0.0
Corcelles-le-Jorat,483,794,61,Oron,Broye-Vully,https://upload.wikimedia.org/wikipedia/commons/thumb/a/a2/Corcelles-le-Jorat-coat_of_arms.svg/35px-Corcelles-le-Jorat-coat_of_arms.svg.png,0.0,0.0,0.0,0.0
Missy,387,311,124,Payerne,Broye-Vully,https://upload.wikimedia.org/wikipedia/commons/thumb/6/6a/Missy-coat_of_arms.svg/35px-Missy-coat_of_arms.svg.png,0.0,0.0,0.0,0.0
Bofflens,203,421,48,Orbe,Jura-Nord vaudois,https://upload.wikimedia.org/wikipedia/commons/thumb/3/3b/CHE_Bofflens_COA.svg/35px-CHE_Bofflens_COA.svg.png,0.0,0.0,0.0,0.0
